"id","time","ycol","x1","x2"
1,1,-3.48928437066317,-0.713530734522147,-0.296077803041833
1,2,0.545113074318079,-0.416891097980038,1.48887326215203
1,3,1.81926263047018,1.16259660571898,1.28055774672565
1,4,1.578257456473,0.0784970760971371,2.12078435302574
1,5,0.17067601500293,1.9043549379968,1.83389748485537
1,6,3.72614397233725,2.2660833040191,1.62289073446933
1,7,1.78905070268703,0.949816826603436,2.89703136571299
1,8,5.39404865606883,1.98684484863613,2.25305102110624
1,9,4.65941879420062,1.96688849554095,2.00714366287383
1,10,2.80577813429101,2.27618251191324,-0.759434696673229
1,11,5.0808413968036,3.27800847842231,0.873061332975129
1,12,3.40934801368617,3.37019363706603,-0.618073087464156
1,13,1.31764908726735,0.984797181105739,1.06066065807547
1,14,10.1029933246325,3.11964403384765,2.21000900014642
1,15,4.41981873992524,3.12967443208021,0.759335885590907
1,16,10.2636595844054,2.79700748843391,2.22791469516055
1,17,7.86716094334057,2.91013261003838,2.73403830628567
1,18,8.2095472531215,2.36793820158941,2.75621893017674
1,19,0.472654359042581,0.163400276826173,2.71716702425172
1,20,2.96102618084006,-0.392227541437327,3.04586952851643
1,21,8.53233662888664,0.6284893783236,2.49392763626588
1,22,3.920939238576,1.23456781236254,1.3521750613153
1,23,12.0283005249384,1.8639218031148,2.42274849827615
1,24,2.67217601158032,2.64610519779169,0.227424808963754
1,25,-3.86489355539921,2.85224829025629,0.226056409242616
1,26,6.93067350726648,2.42861003921817,1.16003105417585
1,27,8.13656612463871,1.79753641987206,1.46120203045099
1,28,11.0671005316894,1.65304378052697,1.47207289203972
1,29,4.30485602550902,1.56241196153578,1.66453230426465
1,30,4.75336768826739,2.43650458870732,0.631993192076452
1,31,0.415958442487959,1.33309210979038,1.55578565658917
1,32,2.37833069185545,0.719831768060438,2.81338428396254
1,33,-4.28116779817888,1.41275697298966,1.48571054556969
1,34,2.68645385852514,0.955132339188125,1.259453094742
1,35,4.46085182632012,1.19903651318805,1.16511808100026
1,36,4.05311450128895,0.941636749486072,1.9149134616706
1,37,10.0437327527022,0.757504284649442,1.59927834796335
1,38,2.3335386962747,1.27182247282777,0.875553717230069
1,39,4.62838974746709,2.30109344964542,1.49177176121558
1,40,2.49053165695641,0.594453755581141,2.39417777542226
2,1,-6.78588328006702,0.449494350173641,-0.209485945939589
2,2,1.7421705350948,1.84516943050808,0.593153786762099
2,3,-0.813957026487277,1.87042445608041,1.07448758741328
2,4,-1.22735609405524,2.56543059044986,0.105794739683085
2,5,-0.244516510116701,1.43588712923905,0.549423255944111
2,6,7.12607026681572,2.71615251708397,3.55614973804295
2,7,4.13509387321235,2.08142519864215,2.81419483581887
2,8,9.38224184925898,1.14365116798064,3.55863993608497
2,9,6.70450655339147,0.0719818053801342,4.73909077138673
2,10,6.71865849550853,1.8876092129791,2.9893121671022
2,11,7.17167858421223,1.53654593830824,3.23968666576555
2,12,9.8932407363871,1.84291722455145,2.68351689548201
2,13,4.84964016467249,2.56963689977595,1.59087999429908
2,14,5.28212310360007,0.500981856288916,2.44152625215411
2,15,3.61671297820405,2.01435318764913,2.61025436210985
2,16,13.8297238516273,3.31425149430991,3.03886237688451
2,17,12.1764182736896,4.12958897486976,4.66295455299875
2,18,10.0815007532676,3.68331782866791,2.91744756532599
2,19,-0.996169657450568,3.4775352822161,2.52728664912336
2,20,1.47213825723626,2.74591105460345,2.14014686135961
2,21,14.6417083434838,1.21445936154092,3.93680813454038
2,22,10.9793824381704,2.5336837241504,3.96916682825133
2,23,12.6929979769166,2.67060276176126,3.13342132902219
2,24,9.62298407933254,3.51191585058881,3.44465651691783
2,25,4.20864838392753,4.41894184857598,3.7831325984386
2,26,13.9109237841975,3.47480993849049,3.59081542274933
2,27,11.9829910060174,3.89304472133886,2.80591295144903
2,28,11.9797498482821,3.46305391020993,2.11818627181207
2,29,8.09553351998304,3.48744547174776,1.68845697880445
2,30,10.9968067498354,5.18232973862236,1.20600591687968
2,31,-2.0686870811901,1.87623461829824,0.296924796360633
2,32,-0.167964569909803,2.39085230889821,0.13554685516785
2,33,-1.06457466229133,0.863457922181143,0.342003109745009
2,34,7.3727635031195,2.06896844404816,3.09767663348275
2,35,10.3825326675548,2.02767737776137,4.18202981304531
2,36,10.3568188343774,3.01798519187246,3.51547621088657
2,37,16.6391542031616,2.25375304774065,3.83138974269304
2,38,12.2876725231156,3.36180498334977,4.55419938775801
2,39,10.7247343385991,3.79190608427951,3.35747960301865
2,40,5.32812364593569,3.33894166362422,1.71815931997871
3,1,-2.3630994102802,-0.449847718764553,0.10054510965748
3,2,0.960795277257112,-0.659941162511676,1.09853771214435
3,3,-7.26581332776279,-0.864390070002729,-0.816025642539584
3,4,2.37263912079113,0.135264732150049,1.92340016472182
3,5,1.58390581043988,2.54255702092417,0.437722959679791
3,6,4.04392687166346,1.31229719042183,0.943181201910926
3,7,2.67233012024302,-1.51996216235025,2.64690780868739
3,8,2.56562520465621,-0.843312870630226,2.67179642621891
3,9,-3.91357021602285,-0.00902510169859216,-0.180291902100426
3,10,2.0426220179936,1.4975003939462,1.72711431702559
3,11,0.763898495452658,1.92154423633876,0.36271188385414
3,12,1.01303586175831,1.19946879121009,0.658163106347868
3,13,4.51135095435064,2.74616452599165,1.50071844858079
3,14,7.48932562451889,4.19660273591886,0.908840209286883
3,15,-0.864057414398684,1.18641483610226,0.91569896559489
3,16,1.87870298674875,3.34164428967713,-0.142672160509022
3,17,3.60520260655964,1.91964015490204,1.67284311209528
3,18,7.0349021367932,1.57222366152585,1.55415165050556
3,19,-5.95071973524911,0.254308942070229,1.26744735152261
3,20,-0.387635296929268,-0.175412197220351,1.04209208462458
3,21,0.449620601110671,0.351662558930684,-0.46003689439981
3,22,4.73181051164847,0.530576930540862,-0.290029503329661
3,23,6.23337582914756,0.827709280149859,1.53501402916043
3,24,-0.317528563258315,-0.280385608701068,-0.586838809870273
3,25,-2.18030405782156,0.497054455392005,-0.299004571781918
3,26,1.07135429385248,-0.312084040161586,0.546795029143178
3,27,3.43551256410402,0.94000202161209,1.4184907420332
3,28,5.71606734404909,1.99701935759026,2.26185981432738
3,29,7.20864176423861,0.887555960035255,2.46700448548264
3,30,6.84149755268227,2.3281710943845,2.26065871549246
3,31,8.15173723826381,0.680064802120415,3.07120415347883
3,32,2.75053265172705,0.347685719035497,3.12500800763967
3,33,4.13199756225425,1.22731768732648,1.48293117731256
3,34,3.69547542876779,1.51820164210913,1.28203606360449
3,35,7.62036337524389,1.67821012763215,2.4727438394203
3,36,4.39674408477814,2.53551626803872,0.377616758405941
3,37,11.3070756553489,1.33060685786866,1.48199853361482
3,38,1.63165175031896,1.33729097087566,0.417791758843415
3,39,3.08672158975543,2.26091177777635,0.210468815714673
3,40,3.77791797553633,1.59358519507524,2.22809740379246
4,1,0.819550835682757,1.29206853384888,0.145465595931406
4,2,2.09642520010441,0.830524347148367,0.822929663892918
4,3,2.85007082194877,0.94358042534076,2.09329375391259
4,4,7.01868022669531,-0.794867629114379,3.0913773325316
4,5,7.75679956025091,0.558909009751788,4.39183282484327
4,6,12.6256703114931,1.47362824437099,3.81800237275645
4,7,12.7780900235569,3.02880776893853,4.65871284228116
4,8,4.49577214286764,0.869605457741274,3.847639731039
4,9,11.3110545417559,2.30331253878477,4.84100780687643
4,10,11.6157650342646,1.79462183285141,4.38417904209202
4,11,12.4082447954324,0.345124987970854,5.66721416975991
4,12,14.3628571894038,1.96032647868288,8.00642549121854
4,13,13.0466785086077,0.824546399454835,6.51962874301498
4,14,19.7599904703657,1.69999905966659,6.5469374885697
4,15,13.9707912983817,0.488605473368192,6.38849444124104
4,16,11.033035699655,1.57638038450671,6.15555140261914
4,17,11.6128096195112,0.483572126465792,6.66143985781037
4,18,16.6722595622171,2.08892566311991,5.91735172392564
4,19,12.9569607938845,0.926509076433597,7.4770864480725
4,20,18.6807869393613,1.24290668320504,8.16257465971604
4,21,11.9480033145881,0.535441215370187,7.35261177038778
4,22,20.7809227897861,1.35208534714081,6.95877360699547
4,23,12.8760297554533,2.91557824168948,5.04260116617182
4,24,13.7366019655893,1.97919709785128,6.04626881977823
4,25,19.1828842788972,2.04290823898484,6.63743118630223
4,26,11.4558686381289,2.69270695468032,5.85033628142994
4,27,9.56761195525639,0.033764565824038,6.49950266242659
4,28,7.50421715340974,1.74471585441691,5.69276489095465
4,29,12.9526948279174,1.39961137475483,5.93395390487942
4,30,13.2670753939848,2.51890533085168,5.66567854534553
4,31,16.5296772267944,2.45065085093111,5.19868705488336
4,32,9.00774752305442,0.933073121904535,5.08515020124766
4,33,5.47062302530954,-0.0532061662877836,3.47360221385479
4,34,9.1827802724575,1.6197981252167,4.61225795558402
4,35,15.9311457200966,1.45597722091162,6.62602061703738
4,36,17.0789944952939,2.51045857903096,7.18156426546561
4,37,21.6079105955293,1.43728581437378,7.25813873983849
4,38,10.1680949737244,0.467448254997349,4.98903365613226
4,39,11.8494623656836,1.67656406242062,4.99695327126169
4,40,12.4269235824537,3.97385056400813,5.2433588777478
5,1,-4.20149575186585,-0.422140081210034,0.0627830321187482
5,2,2.23657794656788,0.473778520514185,1.62186805331131
5,3,4.0508767095848,2.94504470235002,3.17245099845122
5,4,2.16104841867155,1.57992217160332,0.306088355265396
5,5,-1.13022078202422,0.844364203897475,0.896997120565068
5,6,5.76479398771415,0.536222973791165,1.47664571634554
5,7,6.28196259646198,1.80508258795671,1.88220855189124
5,8,0.35938294323777,0.453480684949011,-0.534471454607018
5,9,9.33479357202136,2.12813994797377,2.45413257126854
5,10,6.42331719914996,1.82996714895077,0.473279259374936
5,11,7.0398900701054,0.589293344059787,2.5730296140419
5,12,0.00140967027470928,0.795340089369649,-0.383296673953545
5,13,1.78360407957801,-0.476031105405142,1.47572086441351
5,14,2.44731356725182,0.213770101349327,-0.845327005943221
5,15,1.77026765386047,-0.133210294043377,0.224785876527222
5,16,6.9085001952322,0.46546570901424,1.78972067450447
5,17,1.8537572733828,1.41653670776633,0.89292424853131
5,18,5.29180774730307,2.15496919209631,1.29426104005871
5,19,7.4461901184886,2.58382883892733,2.12020662200158
5,20,-0.752709024793692,0.292320988020963,1.81452028123309
5,21,6.15118366579616,0.663777588399856,1.49910403432957
5,22,2.00216669358278,0.459629664686267,0.0747706084314028
5,23,2.20046338522061,1.30126314040609,0.857728066537131
5,24,-3.08094377203956,0.561069434378235,-0.120174618918628
5,25,6.72041900188297,1.61182262416486,2.15344275681883
5,26,-1.12618928414576,0.0845826054649428,0.72613979664932
5,27,-4.05959212581579,-0.794172452827356,0.441286461096608
5,28,-6.88425784812034,-0.031733128364176,-0.842925673422255
5,29,3.81593897021366,1.15026422110583,1.25873613022599
5,30,4.85126704658402,1.06118227789324,0.27839577044514
5,31,-3.81163853036271,-0.866802633066063,-0.480763592943481
5,32,7.92205574802213,2.11853922822031,2.2655790138694
5,33,4.67720543566907,1.56383852636256,1.09481514902275
5,34,-1.06069018521936,2.03652048624075,0.828063285691723
5,35,4.52007168263247,1.46101201155995,0.0641544954989244
5,36,4.19060607629515,1.84120158415661,1.55140067869633
5,37,11.7953009322605,0.373363713953311,2.93788870979216
5,38,3.12708637809462,0.323900373094734,0.456077878577693
5,39,4.42354566124772,1.39188307188761,1.66183310468802
5,40,7.70872353173913,2.52144272476878,1.06701345768211
6,1,-10.0562827975172,-0.736546534864381,-2.15634420728682
6,2,3.89625138311291,1.43618025942248,0.42355478205292
6,3,-0.467570377873745,1.51877591790384,1.99086022574709
6,4,12.6370336583056,1.56475778345239,4.76805090333055
6,5,7.77351721708784,1.9092801412938,2.17851756692585
6,6,6.27201303402679,1.61399799018395,2.25221238381003
6,7,4.83132614048476,0.682512555353223,1.67272158591135
6,8,-0.183655073201863,2.14612226323225,-0.498371384008792
6,9,5.37142703352377,1.58277875912062,1.31791137766201
6,10,-0.0216380048679286,1.47730665664726,0.374101106553048
6,11,4.59445062697775,1.20501070519524,1.65701805823214
6,12,11.0215601988295,2.62459086734966,2.43339110634469
6,13,4.29329581640399,0.979232372892654,2.31943215888483
6,14,7.84794927847393,0.893337430468149,3.5408680155973
6,15,2.78734895536402,2.54908318630742,2.63811618514522
6,16,0.0535956729752674,0.0345614730281052,-0.322510632843403
6,17,-1.55862678916664,0.76008734624853,0.345617261452762
6,18,0.272044376481453,1.79641809008775,1.19015401053548
6,19,2.27387465808268,0.395839086155386,1.11839202323109
6,20,-2.62361323448234,-1.36547678421294,0.717905074806282
6,21,9.88122559804328,1.59800054689697,2.67069822661336
6,22,3.92142002989428,2.33356464069119,1.89611465364977
6,23,3.52127204592752,1.04987723136914,1.57761931978515
6,24,-1.01047085773752,1.60486117467078,1.39383791484402
6,25,8.47613483182131,1.41164076789676,1.50199337987122
6,26,-0.520435693877469,3.14178181891953,0.135459171782024
6,27,-1.70245207344938,1.74580386512131,-0.54928915469827
6,28,1.06815583872149,0.397825594696492,2.27291915211273
6,29,5.62546087468637,0.594352007731652,2.49196387817401
6,30,10.5408716403595,-0.0381593083214751,1.81490573134349
6,31,-3.26393788817282,0.288590645203367,0.17280002777354
6,32,2.84935926154426,0.68020661132674,0.880483182514362
6,33,-0.0647011851844934,0.278698720045823,1.54656138805266
6,34,5.4022708054366,1.80047615526029,1.93270510706695
6,35,7.73578974942632,3.5809968380187,0.420581669342023
6,36,2.58198289355047,-0.249311007837182,0.555101259341354
6,37,7.32854785026684,2.512321549693,1.34534041790175
6,38,4.32120888051071,0.841175719426968,1.80906243331907
6,39,2.39837077547163,0.94951648660681,1.66628557327005
6,40,14.1894507143856,2.14227120234817,3.04205810815619
7,1,-0.725356325214935,-0.418922042076665,1.10627393797983
7,2,9.57785227998138,2.89357207307097,2.26585402404152
7,3,10.9740503773263,3.42623709034123,3.33107720255201
7,4,9.82581940368658,2.39992920422522,4.55884552211326
7,5,19.8012043445593,3.84796526307657,5.08439488565244
7,6,14.5831458539284,2.87519416957146,6.38427308515454
7,7,18.4518467586474,2.97531156222572,6.08678443231912
7,8,15.5113877507916,1.25009609363479,5.83561103675182
7,9,14.0183257078587,0.295033949887226,5.98702445747383
7,10,9.44393507415656,0.977729988081547,5.53688404568317
7,11,14.4880018844951,0.997629824970925,6.25215242722796
7,12,16.7344803462669,2.52649340028085,5.70419925116594
7,13,13.2297262202062,0.758516280343136,5.29039904558013
7,14,15.3634661757273,2.37170077319277,6.21921157627316
7,15,12.93870383993,3.66132051687118,6.78792748430719
7,16,23.7099840876183,2.89079163862709,8.70629791458085
7,17,17.0210381770876,1.97816903289096,7.23654230790291
7,18,11.399342777048,1.9254733217596,6.86306743007787
7,19,15.7052783551537,1.84440066790667,6.60487665144796
7,20,20.098158590484,3.75532835774785,7.21905108535891
7,21,18.4139884901015,3.88767887139756,6.37709562338781
7,22,19.716091268763,2.80584558792051,8.83555350866229
7,23,12.9379031097192,1.52449076308908,7.88227164857529
7,24,14.0562681928767,2.67949882469439,6.24299537970894
7,25,21.3949425090173,2.88613826236622,7.6749437534789
7,26,14.0562730451826,2.53877446183744,6.85711586469209
7,27,7.9307132975159,1.74960726015744,5.55169564909808
7,28,7.82564306457225,2.08306838149842,4.52482119334829
7,29,11.9000045952394,2.24211877741877,3.70589493633739
7,30,16.2036630342555,3.67022505555882,3.52929649592531
7,31,11.6196276167273,2.43782778181939,4.65554011189132
7,32,13.8490462961834,2.44787841696118,5.25298692560142
7,33,11.621518846297,1.16352243299846,5.32707614546982
7,34,18.1454897653146,2.77665162337079,6.28983568663004
7,35,13.7452546842185,1.79999637264539,6.58550440418401
7,36,19.1368876093901,0.610743507706331,7.17602384658803
7,37,13.0484695086284,1.08352366232281,6.22601035658381
7,38,11.1584511747737,-0.528347446424275,7.18511831581188
7,39,12.6017781513391,1.11027586894739,6.25911040011952
7,40,18.2640936331716,0.410900430106115,6.11228883558614
8,1,0.741365429991456,-0.586005894733186,-1.49190479451602
8,2,6.39859498509782,2.93429421801269,1.94618155099582
8,3,7.89962277715193,4.18175517908935,1.89702634492951
8,4,10.2118844780774,4.58394323242496,2.54645207578746
8,5,13.4874464821628,3.49844169588637,4.42220152535003
8,6,12.5831899060529,4.67000458610929,4.01964475278191
8,7,11.5228345731,4.4528083887651,3.37395493269743
8,8,15.2856620377021,5.7376134505203,3.06901951467097
8,9,4.81270342072825,7.06372579497766,2.04412465493327
8,10,13.8994627606511,8.26899578525754,2.35724549805031
8,11,5.79187142858916,6.40570977611992,0.669585309240098
8,12,6.73922150716951,5.94909344102744,0.451646554737812
8,13,9.13727214659061,5.52722289283182,2.21111521507328
8,14,9.93656569408711,5.84087293887715,2.29790944285693
8,15,13.4418784882333,5.23458309668421,3.65438603879978
8,16,7.57913996635303,4.40135326377087,3.19879292765142
8,17,12.5886384239957,3.92012450953414,3.73003757288384
8,18,13.2194654568938,4.42962074809958,4.92300242452161
8,19,9.26265824967075,4.83652574572569,5.13263647661561
8,20,13.9811919735858,4.178557982015,4.28544968704911
8,21,15.8954575166788,5.04889231759442,5.12223847144615
8,22,20.5895246543024,7.01708745537494,6.15619568716795
8,23,21.4260385652515,5.20672357663432,7.13077690180648
8,24,25.1674087212836,6.71805429917533,7.46322885230287
8,25,19.2252065963981,5.89691566051194,7.95128653987401
8,26,21.6407806808702,6.53934947772961,7.65376307736302
8,27,19.3238884008586,5.04293549669171,8.78391203496755
8,28,17.3348009248539,4.95596334516172,6.04388201655841
8,29,13.3694134750843,5.21501483434238,5.08198131865222
8,30,10.9177034055157,4.97347596722852,3.99001682169449
8,31,18.4352396451966,5.07719660182913,5.16635105931673
8,32,5.24495839098061,5.64613071095428,4.79295393739886
8,33,16.2149570871264,6.01194933533853,5.28347835197755
8,34,11.4151860813143,4.99355523998855,3.63999530278071
8,35,9.67788228971124,5.15306479843443,1.29308190353581
8,36,14.7551961597079,7.84473313055549,2.89198833456208
8,37,20.3417779235283,5.53838985668109,5.10004892032616
8,38,9.36806187330686,5.28945128424601,4.67624088404387
8,39,6.62181070264249,6.37840623778204,2.18258431529599
8,40,12.3716834850421,4.91969512169141,2.36560954906884
9,1,-0.36401356697763,0.763884085198026,-0.286671162014567
9,2,5.17017534136365,1.95979043767043,2.07423664432383
9,3,8.19864802678937,3.28046686342358,1.16473386409338
9,4,2.89936412541715,3.60779194504235,-1.89058901166456
9,5,6.74519355889791,2.30694536406742,1.37763291634915
9,6,4.56343510435698,2.7099808471711,1.53962417373655
9,7,3.47073403585224,1.72930599857279,0.0937567008311204
9,8,10.2759490504424,1.5482674160416,2.54956786233007
9,9,4.22931540715478,1.63386643891984,0.993432813043092
9,10,8.23292319449931,2.07264234465718,1.48074815850762
9,11,4.87890218835436,0.846576024194422,1.50540884819339
9,12,4.63646324346702,1.89931657048496,0.205238306871518
9,13,4.3043749641444,1.14299320917242,1.02654541894177
9,14,-0.653084678278292,1.54642968267073,0.67580862491939
9,15,-0.936493825059838,0.965185054053729,-0.37522336387164
9,16,2.2349744922552,0.201907248063403,0.853817274857593
9,17,1.8030196769816,1.48705309186496,0.521393091514705
9,18,1.62788090880318,2.39843844031862,0.855537167038806
9,19,4.62447312300093,5.43891898255938,-0.187103195566608
9,20,5.05687371857859,5.74912702190545,-0.454203694182075
9,21,4.55477021786352,3.37721398854131,-0.673453586553198
9,22,4.88936098792858,3.85896580606672,0.839399386957152
9,23,0.26375992218895,3.64555338317635,0.525210061630528
9,24,8.62012703985524,4.38187057684573,3.04029297857653
9,25,6.12843864408602,3.06765760227278,1.21101079159164
9,26,-0.348492683705095,1.08100967717626,-0.99603273188067
9,27,0.987628511193648,1.7543826230643,0.384857224004621
9,28,7.93993267188915,3.98317468449819,0.776672983111238
9,29,4.42886909113312,5.2079170640882,0.24557268831724
9,30,9.37684057082334,4.87238536489364,0.98544382182681
9,31,15.8661065570903,5.13022300386432,2.3819610260362
9,32,4.73203743520017,5.87159876221789,1.39110585828612
9,33,3.3890386314981,5.03903036939816,-0.789685058972238
9,34,2.12748485481798,4.80710812082375,-1.17556734693374
9,35,9.42685294481817,3.84528899572576,2.87065597167637
9,36,0.0156152159678786,2.23048028217672,-0.538322507111949
9,37,7.30576173993811,3.92283501659194,1.68583369452017
9,38,4.01323033950425,5.07927769397377,0.988885181887742
9,39,6.91193649866357,5.60315755938757,1.4027108064582
9,40,17.6811987576113,5.05434460552612,2.27868268331838
10,1,-2.96838663601557,-1.38073317730979,-1.18593986797689
10,2,4.68215500253363,0.595061372159289,2.86780034865702
10,3,5.39382496037163,0.922659253059826,1.8054519310383
10,4,7.60152870471029,-0.171241072867661,1.54421736537337
10,5,2.24269667420124,1.01325519272769,1.49183448349847
10,6,5.54880828050576,2.3235343228972,1.02904948922187
10,7,5.9031014651779,3.03631257309707,0.798121811397692
10,8,-1.60601454530611,3.25151442133146,-0.873323930523667
10,9,11.3237455277033,3.29167436074652,2.18017647631048
10,10,12.3079211876604,3.91169369164099,2.41304226873103
10,11,6.61725070179061,4.19543853259852,1.68540157342436
10,12,3.90125918146956,3.73515706898948,0.556110092691078
10,13,6.14844294575477,4.04698717231772,0.905395129630889
10,14,4.47266979135827,4.67729707154968,2.50109572944594
10,15,13.1148056876732,6.47592128155178,1.68115675377667
10,16,6.85413708458051,5.7001959180109,1.66358851253084
10,17,8.87239145263487,5.82974672418352,2.44674017538077
10,18,8.26593432644589,5.6164013269151,1.48897382800664
10,19,6.90555134786786,5.06610484393794,1.57200147068663
10,20,6.39290131377792,4.57613640720334,0.641718534522021
10,21,11.3375726066436,5.45562187290838,1.01036272344336
10,22,11.2217015931813,6.68149491499332,1.41654023251685
10,23,7.2305750645502,6.31902610991906,0.427955631139001
10,24,6.52335357666797,6.63865228278869,0.172460324956304
10,25,11.359452186681,8.04236286843622,2.35617530859536
10,26,8.75005620371587,7.6837312004684,0.488872520309067
10,27,12.4814167052682,8.57998589340134,1.36768212818687
10,28,9.67408752457294,6.42997560036432,0.0896380133772214
10,29,5.5488189286064,6.63095155351006,0.196056702410701
10,30,10.0457310810779,6.11842797986253,0.622288593205576
10,31,17.4658117969204,7.12358266072283,1.75885648068136
10,32,0.655411594677954,6.82201906476282,0.523581048771406
10,33,9.38969665357373,6.95911106173822,2.21935396528676
10,34,9.54068667915997,5.69563083130317,2.42051047643778
10,35,13.0477230340538,4.72185100629663,2.15144479071953
10,36,6.74083957840374,3.89785628979314,1.33853259861181
10,37,4.68623762584669,1.66894152298747,0.727032675596335
10,38,3.01814540008659,1.8062313338508,0.989413867124735
10,39,8.36708784310439,2.51691017117939,2.20243351797598
10,40,15.4705954068577,2.38870769013154,1.36297093153558
11,1,-2.73507600054273,0.578267048418529,-0.127127448304556
11,2,4.56892540435153,1.14385599187719,0.713223243832902
11,3,2.29188734546624,1.87591387945202,-0.643704964822744
11,4,6.27234950963226,0.96850940351358,0.681535580258333
11,5,4.79871533596986,0.711260032166144,0.754176464126857
11,6,0.670666581035473,0.906770731644525,0.0337714078782094
11,7,6.75384445615844,0.737239325453699,1.83411205169282
11,8,-2.81821328011974,1.86526974857758,-0.681594930645724
11,9,6.73525587156048,2.7441827468238,-0.237441641653289
11,10,0.833597439112736,2.73685593713775,-1.62478432681064
11,11,4.25200184707517,2.27983477294044,1.29385360691188
11,12,3.95950207498839,1.75371129784295,3.37006928508513
11,13,10.7764963069566,1.26077634207629,4.66661149111052
11,14,3.73726565332989,1.32377617376152,1.3407698383474
11,15,6.85045766236663,2.03397776466579,0.730350445158465
11,16,4.37120097093435,1.07290388596974,2.11079135080004
11,17,-1.05844342189428,1.92798189384261,0.622151816404304
11,18,4.85932303222129,1.96408404959901,2.49845241286735
11,19,10.0839968005523,1.09456700198253,2.43130547573352
11,20,5.66168189367897,0.711837015578824,0.632348620459484
11,21,5.64802184094183,2.00705478864508,0.91974699551269
11,22,-1.78603114432759,0.257656564012833,-0.263386438031182
11,23,-0.790172785115404,2.26863747899806,0.734948172164614
11,24,0.516882528064409,1.00988940386748,0.110113076630605
11,25,9.28255553915725,1.19887520058113,0.634002811950899
11,26,1.49281233297224,0.995253971825773,0.63023225880796
11,27,-5.03772053446175,1.51072715227199,0.808953157688703
11,28,-0.741776535909824,1.96384371597229,-0.734342958032313
11,29,-0.561204371325754,0.572024262370567,0.194948946392079
11,30,6.8411945922906,2.25274612638877,0.542496078502285
11,31,15.3974228266937,0.796258845374665,2.14804047908422
11,32,5.3615788447984,3.49862719159148,1.01620248341743
11,33,-2.37031288646497,1.68974654290379,-0.675886864181368
11,34,7.75532395003126,2.43383189508811,1.49774067594791
11,35,5.53735110620169,1.82172892586505,1.23775926472745
11,36,12.2009505124774,3.57578523613287,1.08064452990547
11,37,-1.17272817475546,3.25145821261149,-0.404971682162015
11,38,4.74280876976887,2.33388370248012,0.823809203893634
11,39,4.04013754263938,0.151365180251843,0.532918129915601
11,40,13.6515625278279,1.34269744807024,2.84936448935169
12,1,-4.16115155332234,2.66555524251485,-1.00030833353757
12,2,0.741739373047011,0.386009156617758,-0.536819729254091
12,3,-4.21676942875859,0.938596784512152,0.524760036492891
12,4,5.08459349773721,1.91856758023145,2.09051311608001
12,5,6.16734189755936,3.25949230552239,2.16707290640049
12,6,3.2953307942187,2.31736549668849,1.45215369273428
12,7,5.74133823392266,-0.910602775184134,3.06574951228611
12,8,10.8887213452575,0.608124398828534,1.61171401156943
12,9,7.57718328854227,0.832996248887894,0.715710924691066
12,10,7.6345606586377,1.43581411787359,2.42173053575503
12,11,8.20020604871577,3.13858016855349,2.27028369155851
12,12,11.0840726222305,1.11277836997483,4.16145496636244
12,13,9.90776798859957,1.80824720675827,3.30313032996594
12,14,10.1942117885465,4.48174396236036,1.78154266668257
12,15,6.48274413149298,3.95812669705136,1.08490404331074
12,16,11.2558313314534,2.25458799074176,0.898135775556458
12,17,6.12787314177786,1.53146225410882,3.07067559184723
12,18,2.45818023775705,2.46202335222636,1.46762125358457
12,19,11.1741359272517,3.66752780749783,2.02036341577286
12,20,4.27232401237202,3.55677356303038,2.87051105140809
12,21,10.7577408781841,3.82287408660658,0.125713136848366
12,22,-2.17937376306406,2.78894467705551,-0.184954197793869
12,23,0.767749474963869,3.03438803138442,0.808478684482841
12,24,-0.474636404340733,2.55043217883939,0.309620410886737
12,25,1.06199726155404,1.64052788623724,1.05627160330087
12,26,6.03628465866582,1.20357889337974,0.0146927822209293
12,27,-7.47144786306658,0.820174568769434,0.601953682210556
12,28,6.03008472692658,2.01111532920601,0.909249834995662
12,29,4.3556602663346,0.488592416993756,1.35236774316437
12,30,8.61172286268154,2.34336002111118,1.80336183930424
12,31,3.24976412081986,1.22435482518282,0.599653295858004
12,32,10.0641328319897,1.88206163567402,1.41830365939178
12,33,5.65522691486116,1.95495476110343,0.686608721876972
12,34,8.53473156975183,1.46363541455315,1.89936061740088
12,35,7.36692798553103,1.38056998968276,2.8362655761646
12,36,7.89631632705875,1.90817485895283,2.19528379933074
12,37,8.27479504957312,1.53897113078897,2.96441015784273
12,38,15.3426110014145,4.09450276411306,3.23015201508429
12,39,9.27363878779207,3.17640556657081,2.3257111362935
12,40,11.5331129567339,1.53564643627572,1.82102903658579
13,1,1.37201620284573,-0.0160002158399952,0.755383748790804
13,2,5.9661281959715,2.31078549501604,2.1608122143525
13,3,1.85911304069229,2.59759160127457,2.73498558115932
13,4,8.00510546866028,2.90250601703652,3.11864707869884
13,5,8.1884716103449,3.03516858562335,4.50845436233916
13,6,13.0797840620255,4.86863008774165,4.33479749494531
13,7,12.3135428443047,1.99435385728626,6.20114104275517
13,8,16.1168360050626,0.0793236833406556,6.62173352868323
13,9,12.1041162803607,1.61039733716995,4.04536099652688
13,10,12.095504930863,1.86668779532687,4.65322772355681
13,11,15.0154661759244,3.50387585947535,5.81614227394486
13,12,19.4535463132147,2.68700159969539,6.76264566649227
13,13,22.9952383441996,3.06767493508571,7.35326112869013
13,14,20.0795844682175,2.1396908451318,8.58580680284602
13,15,15.4518433716247,1.35256650004684,6.98356432869545
13,16,17.9912423739093,1.33729370677666,7.87446711657342
13,17,10.7858767107729,1.48905225447978,6.73617890558224
13,18,14.3625001589982,1.12504215541757,7.01217702454287
13,19,12.4481337324723,1.28075677935163,5.74058534730585
13,20,13.1797120525697,2.64897945834709,6.8223456686871
13,21,20.4495578908219,3.20266381799122,7.15565269549306
13,22,18.2527637282241,2.70742198223531,7.43797586522959
13,23,17.5744515960285,2.89223313206865,6.46904447325979
13,24,11.1755997623267,2.98497838057258,5.74219602395433
13,25,5.17977946150717,2.58246690682583,5.95340538391627
13,26,17.5846728917582,4.25350739472779,6.01880186943657
13,27,9.16593603772403,1.0943837403448,4.42525856256503
13,28,13.4842126432093,2.4458570300848,4.95963746587075
13,29,13.6562456593311,3.05747220915388,4.95334641046581
13,30,13.1693224372172,3.50706367235108,5.43629944066769
13,31,11.3102035557464,2.10634000052843,5.63383610218193
13,32,18.194507185832,2.98166230612089,8.15855596845905
13,33,20.0693074828608,3.67330584747888,7.89446416711965
13,34,26.8924204864729,3.07628684136142,9.74005748778078
13,35,27.1154427521201,5.20091801136256,9.19412278577927
13,36,19.5287045880173,4.72389632867851,8.55633974090674
13,37,24.9005099895419,4.67279214551946,8.68024086660224
13,38,25.0035738700466,4.45312127436089,8.81614693275937
13,39,24.3199101343603,3.52651937449677,9.95934055658002
13,40,23.1396919382412,3.33539108754337,8.0119392211557
14,1,0.273020027419461,0.0477943876573065,-0.724251679896267
14,2,-1.35584635947489,1.70427128335228,0.0809854258481191
14,3,2.660738983475,1.18069011221456,1.75233025085345
14,4,1.00357800504421,0.337836906498972,2.68233136974277
14,5,10.0071448292235,2.93513331846241,3.59375386587778
14,6,6.68552031066082,1.88852296306657,2.5668333278866
14,7,0.0963175841782827,0.0815868868000402,0.485193103590256
14,8,2.76764031772866,-0.800535727748978,0.750996111481302
14,9,4.03286940517334,-0.463407347062452,1.58311232070998
14,10,7.95014171982966,0.839606939845385,3.14720346953628
14,11,9.75028329717233,1.25647772615862,4.27433005136112
14,12,15.4218595492792,1.73693162397847,5.32217688014341
14,13,14.4549824287621,1.9596148470384,4.83612175409265
14,14,10.3686677796539,1.11806907292362,4.24521405762876
14,15,8.39781354198983,2.52314523850924,3.45903113825448
14,16,8.42983723719433,4.17537595267764,3.33571618800967
14,17,3.62745474613904,1.9583842625617,4.27729963468299
14,18,8.63078804996707,0.977167706311431,3.81569744910565
14,19,10.4668962044533,2.89093743544653,3.52208819158293
14,20,11.3179787268327,3.49887957553392,4.23158388771108
14,21,14.3951304554213,2.54697675603926,4.80343560053606
14,22,12.571412552235,1.65064366359298,3.93649411297234
14,23,13.7067615082574,1.65603497557072,4.93796935077413
14,24,8.22479072789271,0.0952095031672131,5.0612724789867
14,25,-0.909046795736722,-0.572682625482166,4.37415471559998
14,26,8.34106152209232,1.63228182093826,3.0075353627694
14,27,10.9470662409229,1.98901573501511,3.30962966585847
14,28,12.4640389100586,4.37005926147978,3.42784902494174
14,29,13.9528215818396,2.64254977442852,4.1838751550983
14,30,9.23178289552236,3.22454463938433,2.67868782816466
14,31,9.01495341039927,3.71722961829412,3.1727283967877
14,32,7.1033780248774,0.72413741044918,3.66462077125441
14,33,9.95084700569432,2.11488721768873,3.35938375479105
14,34,11.6591603469247,1.02949347994214,4.17088851743769
14,35,12.8779598040077,0.73322748143505,4.06970924379835
14,36,7.99331177700408,1.51562808477962,4.3939649401748
14,37,13.165114345252,3.86921556518653,3.46520420230207
14,38,11.9914412126808,3.0850333352676,4.50562848524865
14,39,13.8222241505554,1.07135062878329,6.70718023963208
14,40,15.4192666110944,1.04124127750777,5.9684207201955
15,1,-1.00029786404838,-2.06303092567303,0.0487830960167215
15,2,-0.763917825336246,-0.0859976295273552,0.616236765757881
15,3,0.116595088589615,0.477188492710304,1.48714493085554
15,4,2.28994169463803,-0.446658261771848,3.0767264617605
15,5,11.7788337102595,-0.0810424345794679,5.32131178552188
15,6,9.89243109657513,1.93390217214064,4.09290839950994
15,7,14.1850702731756,2.22156863022977,5.89897498288037
15,8,18.7384614875434,2.08235362486237,5.55521445476266
15,9,12.6543954520075,2.83294833898561,5.08035410845954
15,10,13.274915871366,3.29121514645151,4.45438347360547
15,11,11.1182481182231,2.89211205810246,4.91713998060604
15,12,13.259249258441,2.1156908039626,4.90885751679309
15,13,9.41142744535158,0.121681728028702,5.90824475306235
15,14,10.6052920401819,0.082885461969016,5.79069563185985
15,15,9.29773759048524,0.682642457304584,5.18554830788047
15,16,5.97638345745265,-0.172556920212916,4.41787658920463
15,17,5.07005371358737,0.0852907961494453,4.10607568848753
15,18,10.5361675607213,0.931358629514959,4.51160611526269
15,19,11.5659086541275,-0.19640075688355,5.98348571506108
15,20,12.9350647819254,1.24754720733911,6.64365201819982
15,21,17.1140203016497,2.97254317706506,5.88248493304781
15,22,13.6212149308445,1.80087740283767,5.46623632901055
15,23,13.6694075784558,0.308762199845079,4.55306810642022
15,24,7.94145944248043,1.09708985147961,3.89901093419132
15,25,5.27382266827718,3.03335327607515,4.22954923436235
15,26,15.4598514645783,3.76728810193557,4.15676866849591
15,27,13.0088802999558,2.51565636733461,4.32956850167593
15,28,14.9323986567856,3.10468107341202,5.66046255237662
15,29,19.2365170448864,2.33987890042509,5.63464799202946
15,30,10.9977845380802,1.11232815057273,4.61499172727828
15,31,4.89036431311698,0.764013744789332,3.40396978312907
15,32,7.17899170425495,0.293199514173334,3.92050505663642
15,33,5.85474493085669,-1.34564728513966,4.13279404549311
15,34,3.63123892868051,-0.187385557936644,2.78917577746276
15,35,11.7023403088332,2.27561028966022,2.90298230503815
15,36,9.20512849656017,2.84438632389796,3.91155278010591
15,37,15.436507629059,2.16160421848203,4.58822542010009
15,38,13.3859473229669,2.6145899385722,4.9521900362281
15,39,6.79889653755662,2.53359078936499,3.89584205153931
15,40,12.8995820400176,1.76381290286892,4.34898662922232
16,1,1.55061341057733,0.609175713715687,1.04241970232355
16,2,7.13258209819913,1.62242964566101,1.79286293237295
16,3,9.80173033540108,2.07246169096032,2.17298207356354
16,4,5.11119962816396,1.71104296407034,2.41663109198927
16,5,8.92026594956663,1.95282146187679,2.3598028903017
16,6,6.37663123771996,0.805794940343247,2.36705284337134
16,7,8.60600688452169,0.183498747912675,2.99206879006027
16,8,10.6047831663079,1.70747938953674,3.03939641910685
16,9,13.9534175622379,0.304109469267487,3.93907177870745
16,10,13.2544256652412,0.739790080963417,5.01902302078968
16,11,12.440282208079,1.72022063388593,5.89631918525473
16,12,8.03411343157126,2.53555786860677,5.14808909608184
16,13,15.6164403894503,1.93669539431889,5.61136611611085
16,14,15.8588050707224,1.34247067259519,5.95464611997042
16,15,15.3857127921845,1.24514460525452,6.65084053897768
16,16,18.0560809157109,1.57548480741925,6.69939593097748
16,17,17.3605246740012,1.04425568947639,7.28781729267698
16,18,14.3231356381806,1.04248604548192,6.36753699013878
16,19,22.7515104067371,2.13473863404714,7.52228699338456
16,20,20.4274551794291,3.49217793871307,8.21082144757691
16,21,9.44935274929913,3.58247495116811,5.43912450552824
16,22,18.2541857000284,3.76441110221998,6.72461052944702
16,23,15.2517178446721,0.96988406493363,8.79314346321461
16,24,20.9541478515557,1.59522553521681,8.60841069481236
16,25,18.5147407141963,0.186022140694796,8.062232176413
16,26,18.4006875987186,2.85044900905921,7.9295231247789
16,27,11.2960154597765,0.927961699787228,6.68742935340233
16,28,8.6029546462804,1.54190886090809,6.14789688073173
16,29,21.9270131861297,2.32665439328001,5.74106080880126
16,30,10.2986405551781,2.3253128170656,5.61705258544962
16,31,13.382558968259,1.41341329459271,3.92062389322019
16,32,16.8366893796581,2.22780856151709,4.97538381911632
16,33,6.72559226338082,2.16653852724081,3.16177043275776
16,34,10.4666565297603,2.47643771400567,4.69557059324187
16,35,13.6004094951381,2.82228121535369,6.28808975327867
16,36,17.4771744215847,2.30318101735381,6.01314385995884
16,37,10.9382970034981,0.392386215025084,6.13505360133906
16,38,15.3993335855139,1.60854321618114,5.15757490634449
16,39,13.1824219737129,0.492165019179737,6.48861174844345
16,40,18.0927258185695,3.0269403611875,7.36009680549929
17,1,-1.44034883385289,1.45525515262402,-1.4343833341419
17,2,6.69903707727357,3.55772075508701,1.30079200431205
17,3,3.42330913255923,2.24804876335135,1.39107936245723
17,4,4.98014202961493,3.14329528926437,2.03965325407721
17,5,6.31921482051131,3.61029574822237,1.65912804881852
17,6,8.62513262922262,1.54856352391652,3.05920612352362
17,7,8.28932195864024,2.16425229101708,3.5050456043454
17,8,4.88707705552464,1.93679830472176,2.2602653522293
17,9,8.23230651734566,1.42028533110097,1.87832571163035
17,10,5.02535319433441,1.60546542892918,2.40826614720285
17,11,0.261158782866612,2.27170050560168,1.84056969324837
17,12,1.47323588705164,2.31030335522853,0.698153396015497
17,13,3.5007758499474,3.40599276891776,-0.37534112701024
17,14,0.160935219994408,1.83729305055157,-0.891128601184817
17,15,2.43917072060829,0.909957115364215,0.769195394966443
17,16,6.97887682613053,0.228187007235031,1.82190768761253
17,17,4.30127883414427,1.09147905332566,1.84784668905121
17,18,6.75900901418645,1.50255831742811,2.30500877048878
17,19,8.74153460836028,2.10777450690275,3.27590388107526
17,20,4.34283006782573,2.54830523643774,4.26579283564563
17,21,4.14616059845372,2.6206092933898,3.08264833935633
17,22,9.52515562408267,1.31888453590815,2.86615108581054
17,23,7.17872684110846,3.22842671612787,2.49248459683964
17,24,5.86919190133695,2.50767796166952,1.60400827826858
17,25,2.55703927306205,3.67743125427838,0.32077237971418
17,26,5.55660807980811,2.1326515312982,0.820538242438716
17,27,8.22166627022679,2.98133571169712,2.38569701131013
17,28,11.3392449216789,1.75167980065168,4.4474191397283
17,29,13.5232220446683,2.81051647887636,4.07631775177042
17,30,6.60253713450015,2.41077192061245,3.47096921611789
17,31,10.4210881420347,3.56511874461973,3.6358904152549
17,32,12.0429562287657,2.89013699843784,4.69573797078303
17,33,8.01223085107986,2.26454312857269,3.7571842273071
17,34,7.0120470008605,2.5092528221226,3.47014842136239
17,35,10.9950978619314,1.42203755298445,3.01479767185852
17,36,7.83114983243952,2.79467805110127,2.0913057010759
17,37,12.0605673909267,3.65549827195268,2.7425538091864
17,38,13.9560693017819,4.78223106959166,2.6790790831376
17,39,2.81976011317335,3.04120631823984,1.68017567073133
17,40,9.05836033194584,4.89533672867943,1.27872476751662
18,1,0.524083109514756,-0.859610539051956,-0.190675291931416
18,2,2.67031204355302,0.805543890834472,1.04009613382253
18,3,6.38258648373858,2.77779351274063,2.13923020511023
18,4,1.78590298495761,2.47768621428509,2.29461354863111
18,5,5.29021413985404,3.60857970689066,1.62619514429838
18,6,1.6948566494485,2.30126567867975,0.360009158748914
18,7,3.27647026733782,0.995882959056352,1.98724440689161
18,8,7.07617497155911,2.49278553451257,2.04401511325244
18,9,8.64536482673604,2.613481579661,2.31937783302208
18,10,1.21103467587925,1.26483983472969,1.21956960681176
18,11,3.26991062792396,3.38197823275532,3.10057546781409
18,12,5.35503861215784,2.68026715729911,2.08530566027655
18,13,7.48900225364827,3.22718384422131,2.25891333384884
18,14,2.33614128725399,3.27299646452451,-0.0837478575535107
18,15,-0.716162344416642,3.23748319882842,-1.11371561144068
18,16,9.71909084236693,3.01601306694311,2.05199965321714
18,17,6.4504716454837,3.60114286565584,1.94190373920348
18,18,8.13737982902102,3.20695037474109,2.29555025530383
18,19,4.86959919510502,3.12424983136791,1.36782393258645
18,20,-2.54083633828898,3.37100532891308,-0.285302463768216
18,21,4.78537737637151,2.87034034156321,2.01240362703809
18,22,7.32544279924904,5.55944076709522,-1.17745073213873
18,23,4.64124498816616,5.18159851988422,0.259240853397343
18,24,4.75555809662017,5.76941158711733,0.912298805077144
18,25,5.72701980677587,3.76159423490997,2.23203835200588
18,26,5.95804331458982,4.23187871085526,0.60399529732221
18,27,6.42389134557184,3.77918481912566,0.651627499458429
18,28,13.0516058788987,3.85001699723736,3.30804126026129
18,29,10.1897447390966,4.75080574022812,2.5403856939772
18,30,11.6901746754997,5.54744853206695,2.66772431555132
18,31,8.42871443127116,3.95937374907393,3.04151627245569
18,32,4.96237298714586,3.87681053676851,0.788044916956719
18,33,10.7009861776223,3.61481953616337,2.18764307704678
18,34,2.97540428022914,1.83523680965615,1.53193435514281
18,35,9.40762226835722,1.79079138308751,1.05380802812908
18,36,7.17134497294804,2.26294578045497,2.27988124658601
18,37,4.95196226340217,2.61157655349617,-0.273367487815933
18,38,7.49956763555302,1.35484228396742,1.40787804309267
18,39,2.09033317956462,3.96052290891166,0.554703822219844
18,40,5.76117067277971,2.4161386484322,0.372058860290571
19,1,0.561470537238072,1.77657475527588,-0.943832605175343
19,2,2.90075185751329,0.504069053722072,0.0663813665048384
19,3,11.0821286969451,1.58776227254505,2.85687660679611
19,4,-4.16322604698235,1.17356114684828,-0.319038340646008
19,5,2.55606626652329,1.76845465315966,0.536690152777893
19,6,-1.325929385848,1.23083459196593,0.164833419830949
19,7,8.08590721956675,2.93661094630361,1.75826322662477
19,8,8.95194202858318,2.31531068726793,1.67762193597133
19,9,8.0183691849526,3.06795529966353,1.56894598729243
19,10,2.41882427765488,3.50249819701089,-0.0671109590045575
19,11,7.98271340624535,4.0860453646943,2.17435950113647
19,12,5.83229080101805,3.28673752108838,1.48281063572917
19,13,2.91315467877907,2.16473464468597,0.583366678152238
19,14,6.82371403153866,3.25477883381968,0.865974352369963
19,15,4.62328699820853,3.47900894160177,2.16117373153011
19,16,7.06298912037297,3.62076110758685,-0.371207693543393
19,17,3.71084905875434,3.06593691442928,0.388217563075732
19,18,4.6598021664416,3.62466591759984,0.569999433775552
19,19,10.5846520513528,4.30692300097479,1.49830624413197
19,20,2.14898048479192,2.08177481619778,0.570600019591082
19,21,0.745423357990819,0.908888609836267,1.10203982653883
19,22,6.13178352462233,2.90744977469673,0.606674317839836
19,23,3.70866104114991,3.68650805490694,0.955262302446894
19,24,3.51171561084753,3.55667649513874,2.65147503249205
19,25,5.98715470112317,1.08873053379855,0.509401384156372
19,26,-0.10381411919573,3.06048824417962,0.698603921971755
19,27,4.57674082022298,2.55920971819914,1.82337897608849
19,28,8.77438656151971,2.82608865471216,3.43058343315372
19,29,6.97033131497862,2.26114092770635,1.79405073458216
19,30,7.55121447996636,1.0578608426981,1.7205694836374
19,31,9.0288902786396,2.7777839911307,2.32694276218621
19,32,7.85089291191482,2.11256536745995,0.296251677630463
19,33,14.2021273543408,2.10804030019873,2.87953680301979
19,34,5.71759436699453,3.04194637050193,1.40234409052115
19,35,2.46663686639836,4.02024891384114,0.11208535659232
19,36,7.44148806970563,3.59090516779073,1.41629830780005
19,37,1.91515009055416,1.93241878150458,0.97304850591282
19,38,4.00841188359591,2.33690250260559,0.16104378690869
19,39,-1.47855860464496,1.63401361806692,-1.51980533339973
19,40,3.38070904631772,1.7572347143464,-0.0506172114040244
20,1,0.116131558844757,0.789574646527178,0.116896483374713
20,2,4.52716767458777,-1.18548976136728,1.95929803005009
20,3,5.99055021730102,-0.408545561792727,3.74682446882873
20,4,8.22359788084145,0.232787132624578,4.68242476378667
20,5,9.55510581977566,3.20259201579289,3.86986109986184
20,6,13.7794813368278,4.40988118697384,5.88589565839443
20,7,17.5872282589292,4.21587397501545,5.87661067397345
20,8,17.9201505920763,6.48309048788204,5.12574810459283
20,9,17.6654579219708,7.11209551539705,5.03410721872311
20,10,16.1406669341943,8.36281829537716,3.9733031880781
20,11,16.9581498073763,9.31611202801309,3.00180156978195
20,12,18.9480426283294,7.56255658326454,3.64600353182157
20,13,16.0341485364909,7.27686079656537,4.65752719802513
20,14,16.0055090380964,7.13350207653152,3.7230206699242
20,15,9.70008412574955,6.04822995742178,3.26398064683019
20,16,18.4007564427108,7.40148153864726,3.64462133921555
20,17,13.8560514106912,7.10503970370208,3.32486015043215
20,18,10.7813092168466,5.98772943757508,2.49355210254509
20,19,10.4176237897711,4.66615201444969,1.84278794768493
20,20,3.52049495746636,5.6054126556456,0.726326067488491
20,21,11.7178756351668,6.9048669345035,2.09853354674949
20,22,14.0258173524869,7.65974609517176,3.23532727925287
20,23,13.9763465051761,8.73244550479751,2.15051959218425
20,24,8.12997166710822,9.20647025081843,2.67337499093273
20,25,19.4019484680857,7.90778476875518,3.0419373189834
20,26,11.6280564647308,6.8053068698705,3.75757805498382
20,27,10.6374810137535,5.16855759635872,3.52710461451655
20,28,13.5562649885158,5.48252180769941,3.55656115211435
20,29,16.0771551214629,8.1439156955915,4.65699302022558
20,30,23.0487317244171,7.38396227163948,5.71767021762362
20,31,15.1566239446421,6.21490969152362,5.58466335383911
20,32,20.7531199252544,6.19800041450448,5.02019845686248
20,33,18.5495691195493,5.43180034344808,5.09488420499981
20,34,15.1767412139324,4.83792258156258,4.68033150211131
20,35,8.22374000174638,5.38463255800174,3.52515240302267
20,36,14.2621601926957,6.19763852105036,4.19874551906354
20,37,14.5036651635256,7.17976481969044,4.33993137345599
20,38,14.7453639736202,7.05709625903029,4.69307722141547
20,39,13.9400070366532,7.70506066359106,4.20875273561124
20,40,16.6431232807557,9.76555398616758,3.35509143538045
21,1,0.754586856633563,-0.508169225849108,-1.02849629475667
21,2,-2.83393933298742,0.596643039793502,-0.729803097760343
21,3,-0.718889957876009,1.51144611335766,1.0516332438765
21,4,2.61037835735244,0.774744420478035,1.23226177814081
21,5,-0.0175793297559161,1.04395409654368,1.65927937602928
21,6,6.57365504837231,1.99015542702005,2.44860122562301
21,7,3.67979530721091,1.94099278562749,1.85955466866296
21,8,2.92017794446118,3.92620113253848,1.1416427108533
21,9,8.5109854470624,3.37779126603006,2.65173931802882
21,10,14.481335352551,1.06636786260722,5.06190635931577
21,11,14.0991920399044,0.399966242102936,6.60317885637811
21,12,15.7973493201407,0.950641434495288,7.07707343792961
21,13,17.2010854512182,1.99425367393819,6.63752217850605
21,14,20.5135129184793,3.35185631285649,7.656853125608
21,15,22.0390120534091,3.70239653992247,7.62767768748112
21,16,20.3971695935953,3.95999998679538,7.74819760532725
21,17,22.1856301675361,4.50100104957697,7.53260011802765
21,18,18.1138824076508,3.5064706930483,7.06357051759693
21,19,16.3887250338503,3.91221090301042,7.47340576620239
21,20,18.600467489464,5.88412496253652,7.80000567178674
21,21,22.650773879232,5.41649688751065,7.18589505611302
21,22,22.5376169867541,6.268901855481,6.70861747207326
21,23,23.4604762888185,6.84877948571816,6.88294637705729
21,24,19.424994305857,3.88288073211343,6.63231357387822
21,25,13.0870566615233,7.05555858458784,5.93866067196405
21,26,22.3382542989268,7.77549708891141,7.48304360881241
21,27,19.3874262816054,6.9264175851428,7.49668430709981
21,28,24.3016122743472,6.90403703765969,6.72751508951594
21,29,20.2799813049949,6.58184146217269,7.65526702539396
21,30,26.0240832589994,5.95619778518249,9.78107480411605
21,31,26.6610836123856,5.35492314413794,12.353392696792
21,32,26.7421605268008,6.19060608195407,11.3676396948482
21,33,28.2898546626265,6.2792770433046,11.5289760099516
21,34,29.9323225283278,5.37683084506759,11.6386935723285
21,35,27.6483227554803,5.97549023962922,10.8024223501217
21,36,23.9032395815442,4.42736031017583,10.372253176021
21,37,26.0921323558134,6.27738066027823,8.59920266744037
21,38,17.1585135901886,5.45349729514851,7.68491390992241
21,39,16.3273979817438,4.5382673032824,6.83767616946176
21,40,14.0466528545645,5.04471204163028,6.02821449330682
22,1,-2.94046941926879,-0.941887253595794,1.4040631727268
22,2,1.3948488846037,0.219064791091634,1.82197855011942
22,3,-1.84042404289122,0.930987162526009,-0.258144114565001
22,4,0.0801676287303665,1.16180678732091,1.25237059832313
22,5,4.54732134495344,1.54936197537745,0.876916749348519
22,6,-1.6335901963978,0.0310746779326971,1.424315954158
22,7,6.13478064690272,-0.00244058098407574,3.17717570708209
22,8,10.4739879366507,2.19090399742744,2.39670244989004
22,9,9.17764666754256,0.547656582777231,3.40631726265542
22,10,7.30425528186602,0.590024174406086,2.53972630451145
22,11,7.31876859536201,1.48778955762884,2.30864013593303
22,12,12.5658203216809,1.7569591259156,3.31268892799525
22,13,7.73385836653774,2.28117985641064,1.88137524213768
22,14,2.17257174752936,0.616937704810926,1.75622300098853
22,15,0.797874469456181,0.535216254727992,1.298746924906
22,16,5.88335850948202,0.273396666942559,0.404498115456681
22,17,3.81477250346898,2.06712089613942,0.724981758680215
22,18,4.8775011897994,3.46760531694399,2.08484876504574
22,19,9.3077445838079,2.32825428342954,2.19429124572107
22,20,-3.75216217674078,2.12962785067282,-0.66507657376259
22,21,13.2404164423805,3.93506443213341,0.982071715940725
22,22,4.27173953101713,2.81141077134712,0.532653677844377
22,23,2.29785626474416,2.8758170700337,1.25241372410602
22,24,6.01755319180496,0.864203755229744,2.55366258706616
22,25,-5.21493634797371,2.78358307953622,2.40931566621476
22,26,11.0451479511485,3.25039961639371,3.68829176676858
22,27,1.97312618918882,0.762758502351079,3.02122545061543
22,28,14.6741437748098,0.584132510517228,4.40692675385983
22,29,14.6208719572833,2.09806884404505,4.66366466755686
22,30,18.537552186439,3.42450730020303,4.51490546761675
22,31,3.66832372259203,2.82651322429794,2.48276528136815
22,32,10.352352378349,3.5554259855852,1.37819464246093
22,33,4.55032840550299,2.34260224219812,1.74740159658746
22,34,6.20625035882526,1.73589509984234,1.24937979221437
22,35,7.4915880821961,2.22363393823505,3.33377858913527
22,36,3.53903677740247,0.920958004931234,2.29881591276643
22,37,4.37272970675837,-0.502634225616046,1.21240630004298
22,38,1.92442203005322,-1.05482038395302,1.78213786581632
22,39,4.63535585131427,0.172494937712574,2.06683728565679
22,40,8.09224281767414,0.243793684356669,2.9708699478165
23,1,-3.52276713613339,-1.52428265899913,0.958186989181813
23,2,0.866652204386595,-0.00554433622601841,1.35812036009421
23,3,1.43361817597429,0.476976806906206,1.42209161875649
23,4,2.38460756385462,0.342156431607343,1.44565839499865
23,5,7.4896370831114,2.29903450036703,1.67359949295184
23,6,5.92444487986915,3.7006950921953,3.37622921760175
23,7,11.0371987184928,1.40149810082616,2.73499001466545
23,8,8.4310272412121,3.15795334456749,2.44270338351777
23,9,4.25868303996133,2.63237460897648,1.62238159689606
23,10,8.67260771041627,3.32464880233244,2.99281104978491
23,11,4.77971943831678,3.67903105598843,1.66037262321704
23,12,7.5069393066727,0.836649807083511,3.2255843624132
23,13,5.08363948868667,3.06926823605493,1.8388457836239
23,14,4.22861057407342,2.81011888909553,1.86971226762888
23,15,2.31841575871235,1.39733334506057,1.71659468142107
23,16,-4.06224432932446,1.92114223812047,-0.752850831111007
23,17,2.77002024015186,2.55635285610251,0.865761459207966
23,18,4.35153314316859,2.69038609210668,1.83898753123611
23,19,6.84138262667985,1.76121504060154,1.01047824580806
23,20,1.34984325883681,1.48134028248929,1.11526070221002
23,21,5.81145473127195,0.692612327811929,1.68737897227202
23,22,0.71721569299009,-0.350053359531946,0.322211620649162
23,23,3.073867546158,-0.694250419850224,1.36635403998494
23,24,5.74639219925783,0.726429282624583,2.53527875137062
23,25,2.92267089785608,2.95123040407151,3.43849634753586
23,26,7.39965151244408,2.30743768246064,3.21901727349962
23,27,5.02368487581653,2.75353180626225,2.25320771174251
23,28,7.60670563569936,1.77716885949533,1.72103764435973
23,29,3.3596649409325,0.717475201245294,0.220482114041625
23,30,6.90651392880885,1.37872279116966,0.811578212768788
23,31,7.57067773085986,2.47349451444947,3.16054224328693
23,32,9.33386044703179,3.03878415550559,2.86222308714352
23,33,-1.29940517035547,2.35991766293164,0.969108875697984
23,34,6.56397846164335,1.52828453132338,2.72792663495938
23,35,5.31737746595325,3.9675663325598,-0.0120762603996176
23,36,1.79967199259113,1.05610204924801,1.31165453045773
23,37,7.41843380845302,1.10759190930864,1.84483077954561
23,38,6.7365621479956,1.9656544512515,0.812694558734171
23,39,-2.3035178086683,1.50559661500285,-1.47535879063634
23,40,3.61805589937712,2.08407283255917,1.19234101299786
24,1,-7.37075956146516,-1.78735464855227,-0.449708179740901
24,2,-2.31283090057003,-1.06977949180109,-0.886256948912799
24,3,-2.24630535571622,-0.00552110753667516,-0.292722997026751
24,4,-0.169562372334271,1.14167381484,-0.718791021977314
24,5,5.46183400633806,2.16283245623141,0.678060154504856
24,6,2.29310163404941,3.49702211786514,1.11180078707928
24,7,15.9351471404828,3.04150360669332,2.65049837104753
24,8,9.42786949074945,3.66884373340234,3.05476904422533
24,9,6.75235969318866,3.56868799803184,3.22066447481514
24,10,8.3181854657546,4.97839290650834,2.84348071112241
24,11,18.565576225572,7.92118767754995,4.93732945651405
24,12,9.62238093683337,6.25185254274945,1.85820177647763
24,13,6.62586104675573,4.29425574004149,2.01964974410519
24,14,4.07539505595642,5.31970142022598,1.07364437308051
24,15,5.47740452283631,5.46802150517262,2.50335396205386
24,16,7.64097864441768,4.43092323126676,2.06260809587128
24,17,6.17958560142353,4.35181763456899,1.90958120499586
24,18,0.432873721962636,3.52778171354241,0.355996310897306
24,19,5.58626339830181,2.67702727622005,-0.819231165180136
24,20,-2.4676810747882,2.80637615410635,-0.481260614198871
24,21,8.38442650793784,3.98871063331089,0.88699533897585
24,22,5.03678546535419,5.91942756114523,0.792440851818708
24,23,7.87285599568441,6.9151498757388,0.968314200665938
24,24,6.98285025490756,8.02208370480785,1.82321298272179
24,25,15.0450334764758,8.29231511667789,3.72343679864293
24,26,11.8034801125798,6.97667569262431,1.68400515397492
24,27,11.365452560102,7.46838429810963,1.69402942875581
24,28,15.8982836128451,7.11992485737438,3.36343955522199
24,29,14.4606779293481,8.51280439361167,2.67713470310396
24,30,19.2032390324326,7.95063845789853,3.71860491612289
24,31,12.2388781113848,8.58977086485052,2.98147490361787
24,32,12.5943479767446,7.79247331772135,1.22278454722037
24,33,1.38311499052151,5.95851671703269,-0.455988916652111
24,34,9.80256736619757,8.06720710691858,0.892945627433274
24,35,11.8757167888949,7.71630120695558,2.7325450466663
24,36,9.91844061955928,6.91988370823109,1.64382926992967
24,37,10.182058652971,7.14221774400931,1.62879570421187
24,38,17.8878540296497,7.89322457974205,1.38490380491079
24,39,8.93379497848183,5.87895515620033,2.19993309567609
24,40,6.69339480891911,3.7276817143307,1.28309618360504
25,1,-3.04319927221431,-0.798130883110553,-0.0492344385579217
25,2,10.2432219675433,0.128244309796027,2.84640091980345
25,3,3.39423557168696,0.773942749503259,0.660566426501844
25,4,5.91026074731673,1.65250007402046,1.98972184325694
25,5,7.97295484161448,3.38276832258634,2.21687053524125
25,6,5.08022816182285,3.57107463615464,1.63839807396599
25,7,10.8927756886493,3.09376314389508,2.31677351742676
25,8,6.2495168284225,3.14378829994195,2.03421802151049
25,9,1.62898514995055,2.85880807977511,1.57053447960916
25,10,8.01031744957793,5.15419599212305,2.02739572189206
25,11,7.9728276285196,5.5429846054087,0.816803161104254
25,12,12.5992253170497,5.76580170786477,3.16756056604985
25,13,9.35228077102069,5.94448869817196,2.55476315534334
25,14,5.06722071083512,6.71312478456703,-0.330114862717473
25,15,6.37553735142566,6.35263483197836,1.31917884981233
25,16,8.14780731296973,7.72995901379341,0.651307138352107
25,17,7.00332739852808,7.24728100779786,0.49981750111016
25,18,13.1506239148609,8.78996936047474,2.91493404198607
25,19,15.7754408563064,9.22477617953208,3.09013038981536
25,20,11.5973423760333,8.94701602506283,1.65581632878652
25,21,14.3399544339566,7.84085381864392,2.35515188819002
25,22,10.0639932293677,7.93944055043422,1.89141671737428
25,23,14.049280674619,8.22661938397262,2.87871935158992
25,24,8.86595135871579,8.96219996239075,2.43069543523133
25,25,6.9512357933625,7.86490958640724,0.82741925301116
25,26,14.4864426317941,9.56399019267422,1.63854490138393
25,27,15.4607829349701,9.4983434052268,1.6990357094627
25,28,14.4154957148906,9.76683086183047,1.10539291878542
25,29,9.84362907261285,8.3294666009578,1.57537734622019
25,30,9.18942805952375,6.86064403777236,1.7629809466786
25,31,6.98574557938196,6.60102682900157,1.88736585352617
25,32,6.52040616799721,7.7434172082477,1.36851995603996
25,33,10.0377491659237,7.95548086368042,1.29537464965584
25,34,7.04704431263934,5.43886711050482,1.06591615583936
25,35,8.44098594144273,5.7990106530005,1.97502415660173
25,36,7.34171541510753,6.88521123775743,-0.152797420303199
25,37,4.58600260466589,4.58544685104403,-0.147273145257327
25,38,12.3867046836386,5.51905319867531,2.05862356564221
25,39,8.8883870920135,5.87596136374741,1.10315952360302
25,40,8.56049692890163,5.04565719765486,2.48525985690773
26,1,-3.69132691750631,0.0878080112561531,-0.56687710550318
26,2,5.74980224972358,-0.573719621100861,1.4242264485312
26,3,11.3397312215452,2.09467571226541,2.31506355855445
26,4,7.30414810058041,3.9906036185885,3.81034072724254
26,5,4.6443235121607,2.3726066476276,2.49443333806967
26,6,6.7950185637764,4.08883786250233,1.60277567016247
26,7,12.4730425583854,5.56520981362885,3.00807289551191
26,8,16.8648540491418,5.82852841290664,3.38616934000068
26,9,15.2912505724203,5.09212330785072,4.35830932975427
26,10,15.6239657684331,5.60117979065915,3.73087259299105
26,11,16.2177626409949,4.22741441057204,5.12136535108818
26,12,11.951583895904,3.02670508229938,4.85698916016949
26,13,13.8256234169454,2.47233375623707,5.17301318707285
26,14,22.2936922053553,4.07763200414024,6.59452232212506
26,15,22.9782175292616,5.02091940119757,8.35405451175945
26,16,27.1173014597252,4.30269128664791,8.66145794362601
26,17,23.782700363334,3.73311965132303,9.22506692560319
26,18,24.5428572827863,3.00367816034553,10.2005481495838
26,19,26.48881745795,3.82707536792315,10.9233967658204
26,20,25.4197117182185,4.06698114433128,10.4697979683763
26,21,24.2867890804518,5.52149183056949,8.77360017608845
26,22,26.7750049072645,6.56283383825183,9.33032871287926
26,23,23.1559407726883,6.98154595210645,10.2851846716873
26,24,27.9243064537238,9.38406094740099,10.1833910876377
26,25,25.3425509735247,10.4181605519116,10.8194570660247
26,26,29.0322254445551,7.39332473513531,10.1370224157545
26,27,24.7099120338832,4.87448350680619,9.87323626751891
26,28,25.7898608527474,5.41483701527403,8.94811262504964
26,29,27.905230102562,6.33760884981972,10.2808102918604
26,30,25.0156688034927,8.85867936854278,10.4224632971784
26,31,27.0688049244523,7.51186274188631,10.6267289271289
26,32,23.9970815447491,7.84208129384881,11.0945475015834
26,33,37.1311694265253,8.96084505252446,11.4338272265707
26,34,29.9146587878677,6.901360201832,12.2839996617379
26,35,30.7939374881378,6.72587719756603,12.7489233804556
26,36,31.1022525368732,6.718532131553,11.7145234357449
26,37,32.8393399678392,6.29796076907532,12.4357416558176
26,38,28.5800125802807,5.50820684791134,11.394924028195
26,39,33.2106904447994,6.8305224091457,11.2918855012629
26,40,21.6156690535093,3.96079547000879,9.82445558694931
27,1,-3.16653107347815,0.420990607257443,0.343486580139942
27,2,3.97913581351143,1.97750383469026,1.13749517840296
27,3,4.10773072382643,2.39985091503259,1.51663085784158
27,4,2.23030262658369,2.44949289457904,1.21900910919717
27,5,9.48154209491277,4.50867937016594,2.45603563052787
27,6,6.93698281137334,4.03018042163737,1.40493883104851
27,7,15.1635104584931,4.98725935274387,2.31395160341107
27,8,11.6415688328865,4.45613113085494,1.68574864606618
27,9,7.17278240738285,3.87250618953175,2.00070667034736
27,10,6.39652946250614,3.57375115458401,1.17859436500867
27,11,10.0304942043613,4.33066164403552,0.947373007616067
27,12,5.83810377342448,2.00447127201819,1.68757477663975
27,13,4.22817171303889,1.64177500555027,1.50817382762881
27,14,5.46446137103828,1.32459982048079,3.21543294413991
27,15,6.66572413254258,3.06522795519448,3.12190261866674
27,16,14.0015529665375,1.52553866884636,3.07210627052945
27,17,9.75171421442138,2.70237251570958,4.33815763376056
27,18,13.6617671820391,3.86348032552655,4.93392866346254
27,19,10.5001678744613,3.44347187328346,4.69793851501646
27,20,7.93227133215416,3.17873255408203,3.95216399044743
27,21,12.6704751459432,3.09075532348524,4.0539321742113
27,22,10.9422284725092,3.24298351251589,3.90103438341962
27,23,11.1303641922026,3.50639507805564,6.43382846820349
27,24,12.2230506005225,4.61748771493079,5.5191107941893
27,25,9.5065627571721,3.88521589733353,4.71194557831569
27,26,14.3167807542112,3.94023614652642,4.08020627764039
27,27,10.1960764899674,2.13714712618025,4.03325142418596
27,28,12.1289337771952,2.68707972857431,3.49725937769931
27,29,10.0608987391209,2.62197364490132,4.238674267288
27,30,10.8450616488884,2.27190884656693,4.99822612127558
27,31,10.2402256200408,4.53220822213484,3.5280977858388
27,32,8.67203871321102,4.48358935293624,4.50132268218889
27,33,7.74094960077135,3.76769329095524,2.28860395533092
27,34,9.07834098239735,3.78193660718804,2.28464911330729
27,35,7.01889387068729,2.88972120215364,2.09940988402582
27,36,4.86726941413672,2.18080406549557,1.65121521426892
27,37,10.9950612782918,2.23082061013667,2.53014793256643
27,38,9.29432155326588,2.76099455816451,3.72636876958559
27,39,12.3278335786769,3.86243738424128,3.2661711027493
27,40,11.7509154820872,3.21659187896351,3.4528149893803
28,1,0.626914620628931,0.421550406704948,0.129210853371489
28,2,-1.76041029697742,0.256266545820906,1.8894073212534
28,3,-4.02223722791009,-1.59367655427278,1.3090337076487
28,4,0.981138947610907,0.248853457976578,2.07410383055119
28,5,4.92173968083852,0.436904412421506,2.55588916601218
28,6,6.19042807184537,0.77103573127511,2.16874673844093
28,7,18.8629004785438,0.511762043955188,3.30893917867656
28,8,6.81732205932018,2.26377308220145,0.200350323490452
28,9,2.73850606256327,1.09236691843555,0.992388293084868
28,10,5.34264272321333,1.55495273822699,0.706812692088346
28,11,3.59312931855239,1.94770761174609,0.343665203949063
28,12,4.45692819491347,0.758467141127007,1.24079301462019
28,13,3.61596108172074,1.35302426311695,1.79853887018665
28,14,-4.70271109307914,0.446463058143083,1.08186740538992
28,15,3.80328093829916,0.295320587951877,3.03820561367265
28,16,7.40442735374691,0.392679742036535,2.04021626996219
28,17,7.20784825393863,2.50529313777743,2.17269275524455
28,18,7.07939095754892,1.22463920204816,1.70666622436413
28,19,-0.627967633350048,2.90740461653352,0.584235008230732
28,20,1.42706211140142,1.86508031106317,2.29171011037641
28,21,12.2631301273218,2.92527104855283,3.05658597342018
28,22,13.0399479034198,3.65992960141341,3.64049162984649
28,23,8.79963640458207,2.3957871651168,3.42489805823501
28,24,1.14915985018476,2.36508631980878,0.539852378523396
28,25,1.4008749744151,3.41324188754268,1.5398700790147
28,26,11.0539538388574,4.27077399981664,1.90843396322243
28,27,8.42660556997129,4.39074397301375,1.57858958512812
28,28,7.43032487097021,3.83758849064697,0.192991755771633
28,29,5.93394128367475,3.21314108817155,0.433805250698229
28,30,-0.840783533912968,1.34880747786091,-0.0458015293060059
28,31,-1.17452080872553,1.76409443644108,-0.914460108073461
28,32,-0.369076110958947,2.96252514711165,-0.24436709006882
28,33,2.9527129825155,2.92960574591481,1.07514698797216
28,34,11.0167015235446,2.54312735626699,2.94613737283805
28,35,7.8919915167543,2.68963352926119,2.66575786881709
28,36,6.38778720984993,5.46560699216417,2.75939044327342
28,37,14.5443087042386,3.54467667092582,1.85514007761623
28,38,6.08819896670448,3.16675338531473,2.51363426761883
28,39,8.92225083440205,2.47366483472529,2.35253765313521
28,40,8.58467142359719,2.31535750304568,2.32585514953277
29,1,-2.28336413260799,-0.235036293349527,0.0319828838139553
29,2,0.459928513841807,0.441259544012957,0.885590107833603
29,3,11.4170783099673,2.90831789834466,2.11370172139954
29,4,8.56877431315637,3.20794384779369,1.46831883233108
29,5,10.5894993614787,3.11689879867245,0.801046689763203
29,6,9.006166297046,2.6515257476212,3.65018516224442
29,7,19.184377914701,2.69221260718746,3.78794968417981
29,8,10.1939099787152,3.53927899552622,3.01121311993971
29,9,10.1800828026872,3.3618789538163,2.84192236566678
29,10,12.2264026208753,4.08055161206094,2.66281485341323
29,11,10.6049790546986,4.50315709298027,2.60291122475987
29,12,9.29684000799266,4.31048339642518,2.47720477583556
29,13,7.19415620803321,2.63406064442097,1.31590352454507
29,14,-1.08623674409544,3.93086743107672,0.321084314481787
29,15,-0.872433565845071,3.3729776569961,0.3458943947012
29,16,2.7144585623835,2.92648843554819,1.65701827421648
29,17,6.96429037094733,3.27612150310846,2.96625059981066
29,18,4.13751152978628,1.77862620850381,0.307727536128281
29,19,4.69959262627208,1.5704096520224,-0.496133858153667
29,20,14.4276343622769,1.94970727043321,0.793433149348166
29,21,2.77918041007266,2.87453853483626,2.01399838275798
29,22,11.0730897044279,4.14719521610422,1.82474812604374
29,23,2.60327284491267,3.61974688564176,2.19474738313664
29,24,4.75111787694955,2.72434222943018,3.36957425067291
29,25,14.8167128037645,3.91842453813198,1.61221983942913
29,26,6.12989307500512,2.72724492383974,2.23377008819258
29,27,4.14681256769034,2.17543742071737,1.47631486789171
29,28,4.1992410900399,1.72954222689578,5.04309912110861
29,29,15.0729905322925,1.96980870615266,4.67654671385008
29,30,7.7280639377073,2.0452605306529,3.20112667089548
29,31,12.5533088163008,3.9674344271376,1.88176927549131
29,32,9.48895486825854,4.53327375180539,1.28373068823004
29,33,7.56795204309993,5.32808017481887,2.36482978170423
29,34,18.0805402645476,4.69851406181141,3.06817044609284
29,35,5.94504530565355,4.08627841192383,2.73477869902431
29,36,4.8147602725887,2.57520449501844,3.35253201712987
29,37,5.28466184949459,3.95349188405992,2.09972651780231
29,38,6.80780321250071,2.79854257085607,3.69164361770499
29,39,9.67853088833729,1.69335654687406,2.95585610366799
29,40,5.1182321261383,1.56704190836363,2.03819350936218
30,1,0.0173864806132166,0.844276246081494,-1.12057022713607
30,2,2.46472812772407,1.25887639055241,1.07052262297948
30,3,5.30315586920484,0.714729259033322,1.7251490334187
30,4,8.74523912349877,1.82569210558494,1.95600728112985
30,5,5.46575716024612,2.75586577494325,1.12181135059488
30,6,5.11797217640282,1.77016848208856,0.653181859605235
30,7,4.6462339903544,1.75491011725512,1.47267330687814
30,8,5.47812495633696,1.86441506850415,1.3651093060276
30,9,2.59837952030764,2.05751188582724,2.18847619437668
30,10,9.84091645457025,1.82827611039238,1.97712140844474
30,11,6.81424486792625,3.09467111122663,1.88063817091025
30,12,9.84840786997148,3.2930190162743,2.8291863603416
30,13,7.77929469452971,3.07796941728356,2.10236270479509
30,14,3.64365316720864,2.96419843703223,1.4819420342986
30,15,2.24762087767083,4.56087471545132,0.844396168306035
30,16,0.275754698482829,7.19347966719573,-0.423915036470738
30,17,8.66878953835439,5.83474978242491,1.83215146338983
30,18,12.4725469351667,5.70440895706746,2.14068890077693
30,19,9.42559783938703,6.20929679745694,2.05371644356219
30,20,24.3925676700414,5.18638305727269,2.43543018918084
30,21,5.1317161395694,5.19499965718733,0.925960603751785
30,22,6.84483343781822,5.14601987988232,-0.0814822472830095
30,23,6.74790002829546,6.40014193922769,0.503096653048596
30,24,10.0546779452937,6.47812681321603,2.06386995898675
30,25,11.2368439160338,6.57247050945774,1.94826212998879
30,26,6.51191525890292,5.63038729276233,-0.132252714871137
30,27,11.9622253611941,7.04996393924871,0.425465775116763
30,28,1.88042343671318,5.59028767342055,1.47287233811088
30,29,10.3445162355688,5.40408700547463,1.9425516113445
30,30,7.11186790319494,5.94887650132732,1.54573312218818
30,31,7.02674757537642,4.9637517465852,0.201375991311466
30,32,11.8677255044505,7.24469786415351,3.14644820814213
30,33,7.84673005643895,7.34808064645127,0.799380536372893
30,34,10.7883047490351,8.47155609387152,0.147532625330711
30,35,11.8510082357235,8.95151442462785,0.789248781223284
30,36,3.0823435939319,8.49918100253452,0.21656642072609
30,37,10.2705954175775,8.35152137239975,0.566343983529738
30,38,6.5147514877583,7.33570502059926,0.395099511229829
30,39,8.61822312551354,8.65038861096758,0.252673523053568
30,40,11.5045927888893,9.31917214790581,0.870227877035391
31,1,-5.3414895392612,1.81849152975458,-1.62615869643535
31,2,1.78277772387599,2.8579337319089,-0.290251225794731
31,3,4.71863428416117,3.01563799053295,0.735323062775084
31,4,5.28705712672797,1.19141699295082,2.65960255210765
31,5,8.36845832323167,2.56820628634422,2.57879879473149
31,6,11.2292209460814,3.41810276923999,2.20573990798696
31,7,7.15752556213424,2.97867456938733,1.89001261480125
31,8,10.7687708425768,3.62526590538599,0.991420486138921
31,9,8.26404282468406,5.29303197881054,1.42939816777682
31,10,5.3427606713821,3.76900179931872,-0.175757611432863
31,11,8.23957653237474,1.97757172224649,1.96849546199556
31,12,11.2971519233863,2.31521434214099,2.12502663285186
31,13,8.27850735740846,2.68007824516563,1.76094048911197
31,14,7.00382601679532,4.7868258708671,1.5916561072336
31,15,2.66520108352659,3.16620230058745,2.3202354398205
31,16,7.27242185465733,2.89844306319454,1.07752492929447
31,17,4.80688889061476,2.04166328031706,1.33333727147125
31,18,5.82402035303201,3.46117689249808,1.3198581788631
31,19,4.72745101572174,4.39589667024289,-0.308553366827477
31,20,8.46299366897204,3.96776801859158,-0.345550845261605
31,21,10.5706996830107,2.21561630243836,2.16679891363878
31,22,2.75981642882688,1.4570694527607,2.24089213633617
31,23,2.1616836661442,2.59279716794037,2.13056661598209
31,24,-1.58327586418407,-0.10016426006578,0.592454340668803
31,25,2.24331884814851,1.32896655729544,0.866623321419782
31,26,5.17550337948519,1.67991252410279,0.772655884251748
31,27,4.81344840416117,2.13655780192799,0.390058096834207
31,28,5.99518213948386,6.11502016774872,0.630300103360438
31,29,5.36788729646771,4.18592261952254,-0.376475315778146
31,30,9.18286604458862,4.13228521402512,0.632913983228653
31,31,1.44605957487335,3.11607368970117,-0.151310758869613
31,32,10.2880669024527,3.3606653187493,0.656575051752109
31,33,8.78836776287446,3.31853645237098,1.95093542139564
31,34,7.50126744301669,3.57613348719394,1.90464645457852
31,35,5.8166674654768,4.03065241074884,1.77662640607937
31,36,4.20693851934234,4.7105501550736,0.536641093643096
31,37,3.56149486097912,2.62560354581347,0.952056060562715
31,38,6.88802481371501,2.59812806086982,1.38400917156785
31,39,6.35527676085469,4.38310875210727,1.17701487446787
31,40,12.5074011292581,4.67868709619219,1.39802907963321
